-35.9456253052,-39.3373947144,-42.0751495361,-40.4119338989,-40.7147331238,-36.7852401733,-36.7988014221,-37.543384552,-41.7209968567,-42.4820556641,-40.9154090881,-42.9049072266,-37.4000244141,-37.9822921753,-43.9010429382,-47.147731781,-38.003112793,-46.908908844,-35.3119773865,-36.0089759827,-36.5909614563,-45.1688041687,-56.595375061,-36.9201698303,-36.2850456238,-37.3556518555,-37.5018463135,-43.3052825928,-43.333480835,-43.3443565369,-43.3078918457,-50.432975769,-41.7259063721,-44.932559967,-38.5095787048,-38.6939544678,-42.5515556335,-39.381816864,-37.2628250122,-34.0849151611,-26.6195468903,-25.5162849426,-24.4334774017,-24.0744247437,-25.8073196411,-27.131029129,-28.1554698944,-32.9747123718,-35.5144882202,-42.0142822266,-42.0509757996,-37.3447227478,-37.3542022705,-34.6984672546,-38.0164260864,-45.2678222656,-39.0415534973,-44.8395309448,-37.7128181458,-34.2537727356,-33.0778388977,-39.409942627,-41.9214515686,-52.7733459473
-28.345457077,-34.8762054443,-39.1556472778,-35.1206092834,-32.3459854126,-32.3368911743,-28.7769813538,-28.7352142334,-32.6483917236,-32.7126617432,-35.0405235291,-33.47397995,-30.2140598297,-31.826423645,-36.7366905212,-51.903591156,-31.1419277191,-34.1193580627,-28.2775592804,-29.1430740356,-29.7336807251,-33.8719711304,-37.1077232361,-30.7223529816,-30.708814621,-30.6875686646,-30.7051868439,-33.2187042236,-33.1829605103,-35.2300453186,-34.0116996765,-39.9343223572,-38.0476379395,-37.156288147,-31.3958377838,-31.1931858063,-40.6085968018,-44.4529380798,-32.9035568237,-28.3213424683,-20.6612606049,-18.8157596588,-17.7042446136,-17.5753040314,-19.1127624512,-20.4436759949,-21.7707633972,-24.966840744,-24.9860572815,-45.6545333862,-45.7460212708,-33.7952537537,-33.7890892029,-30.3386230469,-32.6308822632,-48.3664398193,-34.3365974426,-40.0672607422,-31.6085453033,-28.7774085999,-27.5505123138,-34.3217391968,-37.6105690002,-41.148147583
-24.714553833,-30.1878547668,-33.7164764404,-30.4438018799,-28.3971748352,-28.4425773621,-25.4630298615,-25.4841651917,-30.1090221405,-30.072883606,-30.2615146637,-31.4540634155,-26.8233146667,-28.3150653839,-34.3051986694,-51.7883033752,-26.6534023285,-32.816696167,-24.0512943268,-25.7753372192,-26.2839374542,-31.5873908997,-36.715297699,-26.5930671692,-26.5531311035,-27.0720767975,-27.0715637207,-30.1799125671,-30.1698284149,-31.851890564,-31.3630256653,-36.8231239319,-34.5472183228,-32.501953125,-26.7634963989,-26.7367782593,-37.0177650452,-37.586151123,-28.5754890442,-24.1289615631,-16.3875770569,-14.646613121,-13.5325260162,-13.4038858414,-14.9662542343,-16.2939529419,-17.4505233765,-21.2572078705,-21.277338028,-37.521484375,-37.5534095764,-28.1439628601,-28.160982132,-25.4703731537,-28.0881004333,-40.8267974854,-29.8434848785,-36.3235092163,-27.710515976,-24.739074707,-23.494808197,-30.7749538422,-34.6641197205,-38.853012085
-26.1083946228,-32.3683013916,-35.4834022522,-32.3195571899,-29.6636180878,-29.6354961395,-25.9408283234,-25.9331970215,-28.4322624207,-29.5521297455,-32.0120697021,-30.0404663086,-27.0262680054,-28.1333618164,-32.4100189209,-42.7532272339,-28.6129989624,-30.7882022858,-25.4011077881,-25.5142192841,-25.9555625916,-30.0228176117,-34.3151779175,-27.9494972229,-26.9423732758,-26.9696826935,-27.4112911224,-27.9126758575,-32.0360984802,-31.9926509857,-34.9906845093,-34.9587860107,-33.3431396484,-35.5591316223,-28.2701129913,-27.9506168365,-33.8270759583,-36.4202957153,-34.245891571,-27.7563858032,-18.6011676788,-16.5253829956,-15.14569664,-14.7525882721,-16.1613388062,-17.4317741394,-18.671705246,-21.9425048828,-21.9699859619,-40.110710144,-40.0922660828,-33.5419006348,-29.8281421661,-26.3678359985,-28.7425117493,-39.7975997925,-30.4845046997,-39.3607177734,-28.3613567352,-25.3706550598,-24.04570961,-29.759557724,-32.3385009766,-38.9296417236
-35.34948349,-37.4419364929,-40.3958282471,-41.7654037476,-45.7401390076,-45.6910743713,-35.3258476257,-35.3217582703,-34.6080436707,-34.6469917297,-33.7185783386,-34.0728263855,-36.0214881897,-41.3363265991,-37.7048492432,-34.7076263428,-33.4665336609,-32.0805244446,-33.7203979492,-35.5886802673,-35.6003417969,-32.7989730835,-33.3616371155,-35.6832504272,-35.6683616638,-35.2373733521,-35.2807235718,-31.3239688873,-31.3174152374,-32.6727371216,-36.7396430969,-36.9558792114,-34.8313064575,-37.1071166992,-38.1819725037,-45.5268096924,-35.5564651489,-31.1167068481,-28.2080287933,-26.2272186279,-25.0730285645,-26.7119064331,-29.6975688934,-36.7686805725,-36.2914505005,-33.3422088623,-29.9461956024,-29.4875946045,-29.5088844299,-28.3470649719,-28.3023052216,-32.9212417603,-37.5632858276,-56.7784805298,-44.4807395935,-36.2489128113,-34.2520828247,-33.854385376,-42.7487449646,-62.6466674805,-43.4558143616,-36.9443893433,-33.4975357056,-33.8390388489
-36.6191291809,-34.4346694946,-36.7377090454,-36.6792793274,-37.3844642639,-37.3691177368,-34.4440841675,-34.4102401733,-34.4996833801,-41.6164360046,-39.8620910645,-38.2977104187,-39.1035346985,-32.573348999,-37.2766265869,-36.0836715698,-39.4202957153,-39.2007369995,-35.6724090576,-30.626127243,-30.0977077484,-34.0387001038,-38.0398445129,-39.2494163513,-37.0360603333,-33.4330787659,-32.5118370056,-32.5703620911,-44.6274490356,-44.6655426025,-40.7030754089,-39.8323936462,-32.4755134583,-46.5789756775,-37.0390815735,-35.0565414429,-33.3277511597,-30.5144271851,-32.0508728027,-32.0204811096,-26.8020935059,-25.4888362885,-22.8426475525,-20.9979839325,-21.3087100983,-21.7376499176,-21.7036914825,-24.5329399109,-24.5813579559,-28.6697101593,-28.6946582794,-33.7154502869,-36.4102134705,-31.4849376678,-33.2313194275,-35.733833313,-30.4361972809,-37.1549873352,-35.9659996033,-30.5664863586,-29.2608356476,-33.5639228821,-32.1849899292,-38.5822219849
-26.144323349,-33.405216217,-38.0727233887,-38.0828285217,-32.2266845703,-32.2114028931,-27.5211334229,-27.5311737061,-30.3816356659,-29.4479007721,-29.2928714752,-30.4593639374,-28.1473789215,-34.7113876343,-35.7578849792,-34.6749954224,-27.2387161255,-29.0354042053,-25.8154907227,-30.2320785522,-31.1844978333,-30.1598968506,-31.0632476807,-28.1557064056,-28.2346076965,-30.0130348206,-29.9890956879,-30.0163173676,-29.1516208649,-29.1415653229,-35.1016464233,-35.0948944092,-39.0062713623,-31.5493450165,-29.3212413788,-31.2468833923,-39.7581214905,-31.6671867371,-24.9251976013,-21.9822368622,-17.6596832275,-16.7950782776,-16.7024116516,-17.8487567902,-20.3617954254,-22.536939621,-23.327293396,-26.7055473328,-26.7056007385,-29.0346889496,-29.0193119049,-33.4940223694,-31.1791744232,-31.972158432,-34.7247085571,-39.560092926,-38.6566696167,-31.9072475433,-31.5561218262,-31.2088565826,-29.6859989166,-35.8929634094,-34.7408561707,-31.4366703033
-33.9025115967,-42.0242424011,-42.355922699,-42.0472488403,-40.0238418579,-40.0031852722,-33.0871543884,-33.0459480286,-33.5784187317,-37.0376167297,-46.1875495911,-35.5844306946,-40.3203659058,-35.0477333069,-37.7010917664,-37.152633667,-53.5437164307,-35.9916534424,-40.1457138062,-31.4156532288,-31.4564552307,-33.2124137878,-36.9253768921,-44.8352546692,-37.9684867859,-32.7842521667,-31.7355461121,-31.7896442413,-39.2192573547,-39.2373390198,-39.2032623291,-39.1615409851,-33.7659263611,-50.9526481628,-41.3188400269,-36.2205619812,-34.3546257019,-31.6822795868,-33.117603302,-33.4947547913,-46.0064697266,-30.2511558533,-25.6604328156,-23.2665958405,-22.7013683319,-23.0106163025,-23.0381393433,-24.7052154541,-24.7080993652,-27.1789989471,-29.5219707489,-35.3796005249,-41.7114334106,-33.5687561035,-34.2954750061,-37.0095558167,-31.3337421417,-38.3105621338,-39.3329772949,-33.0171966553,-30.8958568573,-33.7220077515,-32.350151062,-37.6403579712
-25.4577064514,-29.0379810333,-32.8562850952,-32.7399101257,-30.2114830017,-30.2031269073,-28.019613266,-28.0586853027,-34.3176498413,-30.5943374634,-26.9882221222,-33.8961906433,-27.1604194641,-32.1382064819,-42.6269607544,-34.0047798157,-24.6924858093,-30.9733219147,-23.5500621796,-29.8937950134,-31.3401165009,-35.4465904236,-33.1016731262,-25.7223243713,-25.8119659424,-30.4228534698,-34.1524810791,-34.1205444336,-29.5637664795,-29.6186504364,-34.81457901,-37.8945579529,-38.3991088867,-29.075838089,-26.0024032593,-26.9749984741,-41.6634902954,-30.5243225098,-23.6992549896,-20.5731868744,-15.0081119537,-14.2038927078,-13.7988138199,-14.293548584,-16.6916332245,-18.5916404724,-18.5620002747,-25.9986953735,-26.0331554413,-29.8141174316,-29.1461029053,-31.7577018738,-27.2303409576,-26.8689517975,-31.5076904297,-36.6356468201,-34.5264968872,-29.8864784241,-27.7108516693,-25.8776912689,-25.4693374634,-37.6313705444,-46.4507637024,-31.6741046906
-26.9219646454,-35.011554718,-39.4436607361,-39.4255065918,-31.7856864929,-31.750957489,-27.8915309906,-27.9566478729,-30.8667106628,-29.7573432922,-29.4515037537,-31.2482070923,-28.6765213013,-34.1437683105,-35.5475158691,-35.0731163025,-26.9085731506,-29.3799419403,-25.398393631,-28.7514915466,-30.086566925,-29.9600028992,-31.7500305176,-27.9119472504,-27.3596897125,-29.2652397156,-30.3507137299,-30.3854866028,-29.348279953,-29.3263053894,-32.7887687683,-32.7633285522,-37.9735145569,-32.0880584717,-29.3862552643,-29.5920524597,-35.0941963196,-32.5453224182,-25.9279689789,-23.0377788544,-18.4936332703,-17.2369022369,-16.7755908966,-17.4779319763,-19.515794754,-21.4207859039,-21.9895133972,-26.0208587646,-25.9983863831,-33.7863006592,-33.7330436707,-36.6731262207,-30.4625492096,-30.1781864166,-32.0421180725,-40.4083976746,-40.843006134,-32.8929023743,-29.8639163971,-29.0138149261,-27.6313018799,-32.8630027771,-34.0528411865,-32.1649780273
-24.0550251007,-29.2761363983,-33.1501693726,-33.3299560547,-28.5679321289,-28.5233955383,-25.6955032349,-25.8222618103,-30.4293689728,-29.0640621185,-27.0849075317,-31.2480297089,-25.7157669067,-29.3656539917,-36.267490387,-37.8780784607,-24.3756904602,-29.8482723236,-22.5436611176,-26.6125221252,-27.7802658081,-31.7639141083,-32.6033058167,-24.9518814087,-24.7109260559,-27.5264606476,-29.8030567169,-29.8328895569,-29.0020427704,-29.0182514191,-30.815568924,-35.9449996948,-41.464717865,-29.5568771362,-25.5008907318,-26.0600337982,-48.7781181335,-34.244884491,-24.5332202911,-20.8260307312,-14.6543312073,-13.5139293671,-12.8286085129,-13.1483755112,-15.2128419876,-16.94272995,-16.9223003387,-23.1952438354,-23.1956863403,-32.6682815552,-32.6460838318,-33.8206977844,-26.536939621,-25.3688907623,-29.0759334564,-41.884223938,-33.721862793,-30.9590396881,-26.5705776215,-24.4647502899,-23.6250095367,-32.5022163391,-42.6670799255,-32.5537223816
-35.2397689819,-35.942905426,-39.1143913269,-39.2803573608,-39.7209701538,-39.3624038696,-33.4230270386,-32.4290046692,-31.7450084686,-32.4286727905,-33.0686912537,-32.239276886,-34.8756446838,-35.002872467,-34.0246124268,-31.9883365631,-32.0059509277,-30.5919513702,-32.8293457031,-31.4157867432,-31.4008102417,-30.3384838104,-31.9876747131,-34.9808540344,-34.8375396729,-32.5361824036,-30.7674789429,-30.769109726,-31.1119670868,-31.1180477142,-33.4427566528,-33.4573822021,-32.4992637634,-34.93516922,-37.7843551636,-38.1989631653,-31.3588371277,-28.6840782166,-26.8526039124,-25.5303764343,-25.5362949371,-27.2334823608,-29.8860206604,-33.0754241943,-30.8045654297,-29.8941364288,-28.5870761871,-28.6981258392,-28.675579071,-28.5706710815,-28.6368904114,-33.6995239258,-40.6595115662,-39.6662940979,-36.1959381104,-34.2359733582,-32.3119888306,-33.3169517517,-40.0306663513,-40.0070457458,-35.550491333,-33.5434951782,-31.0026245117,-32.1542053223
-35.1620750427,-35.9438438416,-38.8634033203,-38.918964386,-40.2004623413,-40.1689147949,-32.6392631531,-32.45911026,-31.7389812469,-32.2725601196,-32.9939689636,-32.2638053894,-34.9762039185,-35.2439498901,-34.1759605408,-32.0543403625,-32.0566139221,-30.6697597504,-32.8724517822,-31.3968353271,-31.3259544373,-30.2883415222,-32.0730743408,-34.9052581787,-34.8228263855,-32.523891449,-30.8763771057,-30.8838214874,-31.0659275055,-31.0717487335,-33.4870758057,-33.4825134277,-32.4910926819,-35.0127792358,-37.971118927,-38.4162483215,-31.4443378448,-28.6534843445,-26.8124408722,-25.5345287323,-25.5891036987,-27.3026161194,-30.0009040833,-33.1515388489,-30.7902946472,-29.876449585,-29.8712558746,-28.712600708,-28.6844139099,-28.6455821991,-28.6525363922,-33.6781921387,-40.7637023926,-39.409362793,-36.0781211853,-34.139465332,-32.2956809998,-33.3486938477,-40.1264228821,-40.0442657471,-35.5749931335,-33.6226959229,-31.1059589386,-32.1428565979
-31.7548789978,-35.5350837708,-38.2029037476,-38.3353347778,-35.9654655457,-35.9863319397,-31.6994838715,-28.7656326294,-28.6401576996,-29.5760688782,-30.5802993774,-29.3061122894,-31.6488704681,-32.0785713196,-31.2353572845,-29.612279892,-29.9812870026,-27.9305973053,-30.3022518158,-28.4431991577,-28.2600688934,-27.3062763214,-29.0181045532,-32.1386451721,-32.3384246826,-30.8899154663,-27.9530200958,-27.9455814362,-28.7651081085,-28.7736778259,-31.3962287903,-30.8868484497,-29.4527301788,-32.4263191223,-34.9029579163,-37.0321273804,-29.912311554,-26.63630867,-24.739276886,-23.2292461395,-23.3260383606,-24.6894283295,-26.4959049225,-27.9550075531,-26.0276565552,-25.4561080933,-24.6313209534,-24.8268871307,-24.8216266632,-25.5570430756,-25.5667667389,-30.6180419922,-38.3368873596,-36.8338394165,-33.4349746704,-31.6463947296,-29.1512622833,-30.5415000916,-37.9579277039,-37.289894104,-32.2023086548,-30.7632923126,-28.1790332794,-29.2531280518
-23.3548316956,-27.6377296448,-30.9663791656,-30.9427566528,-28.093208313,-28.0184822083,-25.0497627258,-25.9942455292,-26.0418701172,-22.6956863403,-22.7042675018,-25.372467041,-23.6338863373,-34.0016136169,-29.946231842,-26.5786209106,-21.1808815002,-23.0841903687,-20.5266819,-26.9673633575,-28.5694236755,-24.7064361572,-24.6491909027,-22.5879802704,-22.9279994965,-24.7751598358,-26.1598834991,-26.1326446533,-23.0423202515,-23.0202636719,-26.7014122009,-27.7080535889,-30.3494720459,-25.404499054,-23.942237854,-25.6454162598,-29.7225322723,-24.4089603424,-19.0557632446,-16.3954181671,-12.804019928,-12.6011018753,-13.0558605194,-14.73985672,-18.6358184814,-22.2038536072,-29.6112880707,-28.6264038086,-27.2091732025,-27.2309436798,-25.6092147827,-25.6128120422,-28.3258056641,-28.3274154663,-31.5676136017,-29.4710597992,-31.7766952515,-24.5714607239,-25.7653808594,-26.8614311218,-26.6495304108,-30.9974060059,-27.8922863007,-24.7844219208
-18.5319519043,-27.3947849274,-31.4418582916,-31.4286441803,-22.9349746704,-22.9511737823,-19.5134792328,-18.8316268921,-21.2815799713,-20.4528369904,-20.3654174805,-21.5390071869,-19.2046089172,-24.4753608704,-25.6883087158,-26.2779026031,-18.331659317,-20.1508979797,-16.6483325958,-20.0540237427,-21.1352653503,-21.0826377869,-22.2154579163,-19.0253753662,-18.769071579,-18.7466907501,-21.0951194763,-21.1172866821,-20.181350708,-20.2054576874,-22.3293781281,-24.5665454865,-29.9656791687,-23.2893657684,-20.1583137512,-20.7176017761,-28.4678039551,-25.8630332947,-17.9600925446,-14.6111497879,-9.95430278778,-8.85908603668,-8.45019340515,-9.15832614899,-11.4367713928,-13.4753103256,-16.583272934,-18.5052509308,-18.4646224976,-24.0679645538,-22.7533378601,-25.507566452,-21.3618545532,-21.3968601227,-23.6469841003,-30.9252662659,-30.8056316376,-23.4580783844,-21.158908844,-20.3766651154,-19.2432441711,-24.6784858704,-25.8517360687,-23.2435379028
-17.5696430206,-28.8292827606,-33.7262458801,-27.4977931976,-21.9883804321,-21.9801254272,-18.3086490631,-17.5681266785,-19.7498855591,-19.4310569763,-20.1173000336,-20.1957397461,-18.3119316101,-22.5573368073,-23.9626579285,-25.519947052,-17.9712314606,-19.0010757446,-15.9830474854,-18.2138080597,-19.0546112061,-19.4235649109,-21.0999240875,-18.5540313721,-18.084072113,-18.0935726166,-19.3503551483,-19.2975101471,-19.3590126038,-19.3261356354,-20.9335250854,-23.2612743378,-26.7021789551,-23.1045951843,-19.6504764557,-20.0471858978,-26.4064903259,-25.2724514008,-17.945186615,-14.4583930969,-9.77107810974,-8.37509346008,-7.79862499237,-8.27156925201,-10.2616128922,-11.960477829,-14.5474014282,-16.1042232513,-20.8135910034,-20.8286399841,-25.4401855469,-25.4203968048,-20.33618927,-20.3255138397,-22.0434494019,-29.442615509,-26.3403549194,-23.2811660767,-20.4130725861,-19.3085079193,-17.8628559113,-22.5548801422,-23.5351085663,-22.4849414825
-14.28353405,-22.740776062,-27.0354919434,-22.3280181885,-18.5845775604,-15.0927629471,-15.1144561768,-17.8997478485,-17.9185199738,-17.2877006531,-17.2959270477,-18.440946579,-15.2524375916,-19.4479312897,-22.6467494965,-25.9551525116,-14.811208725,-17.3705615997,-12.7208204269,-15.6275510788,-16.66563797,-18.3041477203,-19.9258422852,-15.3162994385,-14.8720445633,-14.9100599289,-17.6219615936,-17.6255474091,-17.3720226288,-17.3820781708,-18.8097782135,-22.3696594238,-28.9059848785,-20.2420215607,-15.9977970123,-16.4366130829,-28.3957939148,-28.3978462219,-15.6325302124,-11.6364860535,-5.97703409195,-4.67612838745,-4.0161280632,-4.40572834015,-6.38575983047,-8.0826215744,-10.3694438934,-13.3768177032,-20.5416526794,-20.5655765533,-24.4202842712,-24.4266052246,-16.2832050323,-16.286529541,-18.9775085449,-33.4344711304,-25.9771537781,-21.0846595764,-16.7950019836,-15.2625675201,-14.1581850052,-20.7039718628,-24.2026023865,-21.3907756805
-13.8504753113,-21.7846908569,-25.6982383728,-21.3703327179,-17.8727340698,-14.3731040955,-14.3236503601,-17.5686454773,-17.5547351837,-17.5354423523,-17.5999317169,-18.5377025604,-14.9017877579,-18.0958499908,-22.3929367065,-29.1640453339,-14.7684307098,-17.9231739044,-12.4270505905,-14.747751236,-15.6529893875,-18.4157962799,-20.7459869385,-15.0205850601,-14.4569787979,-14.4460191727,-17.096288681,-17.0929279327,-17.8647422791,-17.8663883209,-18.6409721375,-22.6158065796,-26.5906219482,-20.5667934418,-15.6008796692,-15.6901893616,-27.2880859375,-39.3555335999,-16.6282157898,-12.1826696396,-5.7570810318,-4.19458866119,-3.38039565086,-3.50909495354,-5.28361272812,-6.77234983444,-8.54668140411,-11.8503913879,-18.767993927,-18.7906742096,-27.0369205475,-26.9906272888,-16.6931285858,-15.1497631073,-17.8086662292,-40.6829147339,-22.9491138458,-22.1304702759,-16.2079162598,-14.1084880829,-13.0343360901,-19.6289310455,-23.9014930725,-22.8055858612
-13.4398870468,-21.3512458801,-25.3108215332,-20.9999542236,-17.5780830383,-13.9795980453,-13.9529333115,-17.2718658447,-17.2918758392,-17.3193759918,-17.6995639801,-18.435918808,-14.7709493637,-17.5985965729,-22.0271263123,-30.1772422791,-14.6425056458,-17.9774360657,-12.2051887512,-14.2529449463,-15.1073493958,-18.2040729523,-21.0838890076,-14.9267396927,-14.2461071014,-14.2195663452,-16.6517753601,-16.6711292267,-17.897983551,-17.8674907684,-18.5313491821,-22.6179962158,-25.5799732208,-20.4444084167,-15.3278207779,-15.340341568,-26.4939441681,-49.9191131592,-16.7353878021,-12.1529188156,-5.48539113998,-3.85837602615,-2.98102903366,-3.03609418869,-4.70677661896,-6.17464447021,-7.81214046478,-11.045592308,-17.7001934052,-17.7109336853,-28.5153808594,-28.5474033356,-14.8074817657,-14.702457428,-17.2870101929,-39.2611999512,-21.5273532867,-22.7893447876,-16.0115852356,-13.7662906647,-12.5969409943,-19.2153358459,-23.1675205231,-23.1605548859
-13.1898450851,-19.0292720795,-22.5342521667,-19.2960739136,-17.2623119354,-13.4655799866,-13.4406938553,-17.776386261,-17.7789440155,-18.0328407288,-17.4174976349,-19.4609107971,-14.5529708862,-16.5949039459,-22.6740722656,-39.3521003723,-14.2881965637,-19.6247367859,-11.7759075165,-13.7490930557,-14.4632759094,-19.5237293243,-23.6485328674,-14.4432582855,-13.7672967911,-13.7569713593,-16.9548358917,-16.9905986786,-18.0649375916,-18.9643592834,-19.0304584503,-24.3108253479,-23.4076061249,-20.2154579163,-14.5219297409,-14.4267711639,-25.2381877899,-26.7743415833,-16.8594932556,-12.0836687088,-4.73533439636,-3.20887064934,-2.21586275101,-2.13402032852,-3.7118947506,-5.03598308563,-6.24570608139,-6.2690320015,-16.5138816833,-16.5084133148,-26.6471118927,-26.6315193176,-15.7376623154,-13.4779138565,-16.4035873413,-31.3332614899,-19.3740959167,-22.6832962036,-15.1242799759,-12.5171661377,-11.5596084595,-18.6524658203,-23.1372318268,-26.1571998596
-14.5384292603,-19.6588935852,-22.9876823425,-20.0943565369,-20.0653266907,-14.5549898148,-14.5557794571,-19.1112289429,-19.1003170013,-20.0743541718,-19.133146286,-21.4439716339,-15.987944603,-17.2336959839,-23.6807250977,-37.2856864929,-15.7419252396,-22.3983421326,-13.0514354706,-14.5728998184,-15.2009525299,-21.0805587769,-27.4007930756,-27.3924770355,-15.0861158371,-15.059214592,-18.0119628906,-17.9866008759,-20.2815818787,-21.3896789551,-20.6774101257,-26.2669448853,-22.4154510498,-21.9726028442,-15.7411155701,-15.4774475098,-24.3030929565,-24.0701084137,-18.927400589,-13.9914484024,-5.97292327881,-4.32869958878,-3.22804427147,-2.97736573219,-4.41403532028,-5.66317081451,-6.61395788193,-6.655210495,-16.1224346161,-16.1175498962,-26.2347946167,-26.2368087769,-16.8532218933,-14.2506561279,-17.0533542633,-28.6627960205,-18.8901691437,-24.4783706665,-16.25847435,-13.3085441589,-12.3301715851,-19.2242832184,-22.6368789673,-30.9437122345
-17.8557796478,-21.3282108307,-24.4650287628,-22.0408992767,-22.0140552521,-17.6016540527,-17.5799045563,-23.4321060181,-23.4531669617,-24.4389781952,-20.9059047699,-26.7784404755,-18.9980564117,-19.8690891266,-27.7476806641,-31.1034641266,-18.0117588043,-27.9298362732,-15.6074333191,-17.5518035889,-18.1514129639,-26.2810783386,-34.1629295349,-18.2905654907,-17.6627044678,-19.6092185974,-21.6971950531,-21.7391319275,-25.0180912018,-25.0284042358,-24.6875858307,-31.3865184784,-23.5790023804,-24.1365604401,-17.9705696106,-17.6715126038,-25.7696552277,-23.0889644623,-20.3957176208,-16.1533298492,-8.16416740417,-6.77557039261,-5.65779352188,-5.28133153915,-6.73940324783,-8.02306079865,-8.74895477295,-8.71646595001,-18.0910301208,-18.0920848846,-24.3727626801,-24.3581485748,-18.6656646729,-16.359210968,-19.5509529114,-27.9587287903,-20.5449085236,-24.4843883514,-18.5173358917,-15.3930568695,-14.6724205017,-22.0310001373,-24.7285423279,-32.6841239929
-24.0758304596,-23.1827201843,-26.1065711975,-24.6129455566,-24.6290149689,-22.6226711273,-22.6165046692,-28.3586616516,-30.8952579498,-34.0826568604,-22.8815231323,-45.3684120178,-23.8446521759,-23.4819698334,-33.5001869202,-27.1727161407,-21.1996498108,-33.7654037476,-19.5844745636,-21.8939495087,-22.1272087097,-32.9838409424,-32.0311889648,-22.2862739563,-22.3494300842,-25.4608592987,-25.4581432343,-30.9744663239,-31.0126228333,-28.8585014343,-32.6685829163,-41.2020950317,-23.8321895599,-26.3966941833,-21.010684967,-20.9151725769,-25.5216712952,-21.2011737823,-20.0653553009,-17.3708400726,-11.029209137,-10.4882898331,-9.53095531464,-8.9576625824,-10.4665489197,-10.4820175171,-11.5072231293,-11.507437706,-19.0149345398,-18.9895439148,-18.9092941284,-22.9142036438,-21.1652030945,-19.3718338013,-23.0404262543,-26.7713317871,-21.7257404327,-24.1245079041,-21.9613742828,-18.4111118317,-18.1571540833,-25.4842147827,-24.7318439484,-28.7966060638
-37.1549987793,-27.4624919891,-30.0240039825,-29.9365139008,-29.9314460754,-30.7491664886,-30.7468547821,-28.8300876617,-28.8246765137,-34.8720397949,-26.6742706299,-31.3668231964,-35.9252853394,-27.7028255463,-32.1828231812,-26.7425785065,-27.0531215668,-29.1895256042,-27.6717090607,-25.8652191162,-25.260843277,-27.7355670929,-28.5031452179,-29.6602859497,-31.4837722778,-29.2885570526,-27.032585144,-29.7422046661,-29.7356891632,-40.5285339355,-40.5349884033,-32.8911590576,-24.3618087769,-30.4523010254,-27.3853149414,-26.9060630798,-26.5986251831,-22.0861263275,-21.8067798615,-20.3023490906,-16.9685897827,-18.3634147644,-17.1595783234,-15.2140407562,-15.5774002075,-15.7899208069,-14.6665401459,-14.6457967758,-19.2206554413,-19.1770210266,-20.9730529785,-23.7003231049,-26.3235149384,-24.4287872314,-27.4602336884,-26.9721698761,-22.6227931976,-25.5078792572,-28.4225177765,-23.529548645,-23.2572917938,-27.5919284821,-24.5562152863,-27.7663898468
-36.8169898987,-33.8243675232,-36.5553703308,-36.2332077026,-36.2591896057,-47.8751869202,-48.0311203003,-32.6264648438,-32.6463546753,-32.6373901367,-27.8347930908,-31.8756008148,-31.9588851929,-39.9480476379,-37.6500549316,-30.3186588287,-28.2866306305,-29.06199646,-28.8197498322,-38.6111373901,-35.5240478516,-31.0040073395,-29.2918338776,-30.1912956238,-33.5917549133,-40.0212478638,-33.6217765808,-28.7179546356,-28.7527122498,-35.9589042664,-35.9296073914,-37.4426345825,-29.4423542023,-32.1425590515,-29.2809448242,-30.4623832703,-33.0818595886,-26.485578537,-24.5344867706,-22.2423305511,-19.4931926727,-21.9785633087,-24.2321357727,-24.5473613739,-25.9143733978,-24.9818115234,-21.8117980957,-21.761302948,-23.4182834625,-23.4266300201,-25.9607715607,-25.9906425476,-28.3762016296,-30.0683555603,-36.3014640808,-31.2219409943,-27.5492458344,-27.3734035492,-31.4615154266,-29.0512447357,-31.3312263489,-35.9485588074,-29.576581955,-29.7645797729
-19.805141449,-28.4044113159,-32.3484382629,-28.382976532,-28.388469696,-20.9534511566,-20.9838485718,-20.374753952,-22.8955535889,-23.063375473,-24.1998062134,-23.6426277161,-21.4676132202,-25.285779953,-27.7396564484,-31.0545139313,-21.9052314758,-23.1061668396,-19.7160797119,-21.9919757843,-22.4296169281,-23.6163921356,-25.3777141571,-22.3536491394,-22.0390701294,-22.6854896545,-22.707775116,-21.7354927063,-21.7482128143,-24.7236022949,-24.7371463776,-28.9190540314,-32.1997261047,-26.9579620361,-23.154378891,-24.5619049072,-39.5675621033,-31.3590335846,-21.2194900513,-17.6033649445,-12.2469272614,-10.7967500687,-10.2149591446,-10.7987823486,-12.606010437,-14.2157564163,-16.5278358459,-16.5069026947,-22.5614871979,-22.5761814117,-25.1264915466,-29.3768768311,-25.6942024231,-24.2770557404,-26.3119316101,-36.4582481384,-28.2090511322,-27.2727775574,-24.6015605927,-23.1944618225,-21.4232444763,-27.4417514801,-29.0744800568,-26.9944248199
-29.1594543457,-31.3646965027,-31.4083518982,-33.7143440247,-33.6318817139,-30.7513465881,-30.8341121674,-31.3504180908,-34.9185066223,-38.7602310181,-41.6618537903,-38.1118087769,-34.4448814392,-34.1856307983,-39.3553009033,-46.6295776367,-35.8659439087,-42.2162284851,-33.6554450989,-34.5055770874,-33.0333938599,-40.3673362732,-44.30651474,-35.6980361938,-35.068397522,-35.297492981,-35.3282814026,-37.0855369568,-37.1596412659,-38.3847503662,-38.3878173828,-53.5647277832,-43.6328277588,-40.8076286316,-37.1114578247,-42.0378189087,-35.9620895386,-34.1457138062,-29.5838661194,-28.0650787354,-21.9214687347,-20.4586772919,-19.7116184235,-20.0129890442,-21.5004062653,-22.7639980316,-23.9033508301,-26.8732700348,-31.3878555298,-41.5440139771,-41.5461463928,-39.8016166687,-44.786441803,-36.3453598022,-39.0323791504,-41.072593689,-34.0123825073,-55.5711555481,-41.1093711853,-36.3620872498,-33.2424468994,-43.7611618042,-49.5475349426,-48.8808898926
-23.6981163025,-26.5433807373,-29.7115058899,-27.8989448547,-27.2720470428,-23.7097892761,-23.7359848022,-24.7134857178,-28.4642086029,-31.0881671906,-29.7957191467,-32.0890884399,-26.2861633301,-26.4436340332,-32.8992919922,-40.2463874817,-26.208234787,-35.5971946716,-23.528886795,-24.861492157,-24.7479724884,-31.5770645142,-42.8552055359,-26.2249259949,-25.5157318115,-26.472568512,-26.4875164032,-30.8815402985,-30.945318222,-31.6103305817,-31.5736045837,-39.3610076904,-32.0039558411,-32.3985290527,-26.2732791901,-26.6669273376,-33.3815841675,-31.191696167,-26.3671073914,-22.8473548889,-15.1103954315,-13.4692735672,-12.3538455963,-12.1182727814,-13.6097812653,-14.8425340652,-15.7225627899,-15.7227706909,-24.3646087646,-24.4015865326,-31.1324138641,-34.3800315857,-28.2358970642,-24.946056366,-27.4280166626,-35.5623092651,-27.1605758667,-35.5257873535,-27.487203598,-24.1015586853,-22.6238059998,-30.1716480255,-33.1787490845,-43.1898117065
-31.4150447845,-31.8524532318,-31.7973232269,-34.4155464172,-34.4584083557,-28.6252269745,-28.6469898224,-28.8762302399,-29.1292362213,-33.7023086548,-44.7358551025,-32.2144203186,-33.6577529907,-29.2112674713,-32.3663711548,-33.0181083679,-45.6980667114,-32.471282959,-33.8045043945,-27.0908355713,-26.3987064362,-29.4867477417,-32.8835639954,-39.9234085083,-35.2179756165,-29.9463100433,-29.928768158,-33.3009147644,-33.3133010864,-33.2111854553,-33.238494873,-34.6699485779,-30.3455028534,-54.3351402283,-34.2925796509,-32.1425857544,-29.6963424683,-28.3138008118,-31.7914390564,-34.5400466919,-27.0741081238,-22.9497814178,-19.8727340698,-18.1602458954,-18.3564834595,-18.4807682037,-18.849067688,-18.8568019867,-24.0028839111,-24.0420532227,-26.9643821716,-31.8934326172,-39.0437431335,-29.678609848,-30.3691501617,-32.8895339966,-27.3500099182,-36.2105865479,-35.8601264954,-29.3511104584,-27.1821327209,-30.9999008179,-29.7243328094,-35.43227005
-39.3120422363,-37.2309455872,-40.136882782,-40.6036186218,-40.6668395996,-48.4048919678,-48.3822097778,-43.4674377441,-39.7470626831,-36.7999954224,-32.4212188721,-37.2875671387,-35.6545982361,-45.147403717,-47.8950958252,-37.3156204224,-32.92237854,-34.1356277466,-32.3593635559,-55.6145515442,-48.0202064514,-39.5552024841,-35.3701019287,-34.2878913879,-35.4678993225,-46.3132133484,-46.3091163635,-35.4678726196,-35.5238952637,-41.8957176208,-41.9038772583,-44.2426376343,-39.1850280762,-39.4079704285,-35.698600769,-38.485332489,-38.6176948547,-32.7879981995,-30.0081443787,-27.4089317322,-24.0643367767,-25.2482471466,-26.4357147217,-27.7942218781,-31.9739685059,-33.241519928,-30.2002601624,-33.0462722778,-30.5449924469,-30.5313148499,-28.4005641937,-31.6218795776,-33.2111701965,-36.2186431885,-43.5626869202,-38.4579048157,-34.9417037964,-33.2651290894,-36.1799850464,-35.8657798767,-37.4005470276,-58.5189437866,-39.3984794617,-36.8387680054
-26.1705436707,-32.5174674988,-35.1387748718,-32.1676025391,-28.8408870697,-25.1179351807,-25.4932823181,-25.4719085693,-27.4139137268,-30.8717346191,-37.6325912476,-31.0995750427,-29.1081790924,-27.5884552002,-32.4078063965,-36.8032455444,-30.284532547,-33.2554244995,-26.2833156586,-24.6464424133,-24.9337081909,-28.9481430054,-36.1358642578,-29.1686935425,-27.3272724152,-26.2053833008,-26.1718711853,-32.7572021484,-32.7899513245,-32.479221344,-32.1468467712,-33.8812065125,-29.3955688477,-36.9197502136,-28.1244468689,-26.2217998505,-29.9029598236,-29.4383907318,-44.5906524658,-36.8044509888,-20.5813541412,-17.2780361176,-15.0844087601,-14.0289297104,-14.8185520172,-15.6677370071,-16.0561828613,-18.9372234344,-22.5235137939,-27.4781570435,-27.4719581604,-30.3268451691,-30.3087005615,-26.2466831207,-27.0750808716,-34.1688575745,-26.458656311,-42.7852973938,-28.7357006073,-24.61419487,-23.2761173248,-28.3945980072,-28.8896026611,-39.6111526489
-26.5559368134,-35.0995903015,-38.1952552795,-34.5168609619,-31.995256424,-31.9849910736,-27.0621585846,-27.0147380829,-30.6730861664,-30.6783123016,-34.530834198,-31.1163444519,-29.7736644745,-31.9562625885,-35.2001419067,-41.9185676575,-31.3284873962,-31.7586288452,-28.7515869141,-29.0392742157,-29.4856185913,-31.8499126434,-34.6426620483,-29.7166500092,-29.716178894,-28.5029029846,-28.4735736847,-30.6704120636,-30.6591701508,-34.0786895752,-33.8235702515,-37.5983734131,-36.3553924561,-37.956577301,-33.6150131226,-33.9990234375,-47.3941688538,-41.8496856689,-30.359539032,-26.926076889,-20.6478061676,-18.6245880127,-17.4591426849,-17.4870681763,-18.7759056091,-19.9068012238,-21.1255588531,-22.9641189575,-22.9661712646,-32.0023956299,-32.0337371826,-35.0189628601,-35.0258789062,-31.2357330322,-33.4408111572,-42.2600479126,-32.380443573,-39.2150726318,-32.6744346619,-30.2943134308,-27.8762836456,-33.2746086121,-35.5513687134,-37.0375099182
-25.4868087769,-29.3229408264,-31.6605300903,-29.9532260895,-29.2676448822,-29.282459259,-25.639125824,-25.6730995178,-31.3145332336,-31.3044033051,-36.2170524597,-30.8180103302,-28.5037441254,-27.1809329987,-31.963727951,-36.4979667664,-30.2819366455,-34.1068153381,-26.6159305573,-24.9719810486,-25.0600986481,-30.3257064819,-38.5475234985,-28.2379493713,-28.2409610748,-25.9427776337,-25.9035320282,-31.917093277,-31.9047584534,-36.9790153503,-32.2866668701,-35.9966087341,-29.8905544281,-38.9482536316,-29.7215499878,-28.8451843262,-32.4341468811,-31.3461074829,-34.7775993347,-30.2647247314,-18.8220539093,-16.4225006104,-14.5807180405,-13.7472352982,-14.7752733231,-15.6864671707,-16.2173919678,-19.4138813019,-19.4095993042,-29.5674991608,-29.575674057,-30.9422626495,-30.9463443756,-25.6457996368,-28.0912475586,-32.7125549316,-26.425359726,-40.5530853271,-29.026845932,-24.9738311768,-23.2389125824,-28.6694450378,-29.8782596588,-44.7431755066
-21.3135147095,-31.5212020874,-35.045501709,-30.477388382,-26.2892208099,-26.2936210632,-21.569065094,-21.5610103607,-24.8278255463,-24.8173236847,-28.1318836212,-25.1302261353,-23.2114601135,-24.8837528229,-28.0074291229,-34.5029716492,-24.6717262268,-25.4480228424,-21.571313858,-21.6037063599,-21.9963588715,-24.6535549164,-28.4187736511,-24.7511234283,-24.7214775085,-22.8950328827,-22.8570652008,-23.6239032745,-23.6203708649,-25.8035545349,-25.8550186157,-29.7509632111,-29.6303310394,-30.462179184,-24.7525234222,-24.8612689972,-31.5597400665,-36.3593597412,-27.4830493927,-22.2947769165,-14.9442472458,-12.6489639282,-11.3530263901,-11.2548856735,-12.4648427963,-13.7178230286,-15.1503562927,-17.6100521088,-17.5986042023,-30.1857433319,-30.1481494904,-26.7084884644,-26.7073154449,-23.3306083679,-24.9099349976,-34.1539039612,-25.7768001556,-34.3200416565,-25.7303218842,-22.9237384796,-20.8728561401,-26.0147132874,-27.7504787445,-30.9775562286
-33.6574516296,-30.7610645294,-32.8188705444,-32.8952560425,-35.6795272827,-35.693397522,-31.6279125214,-31.6624336243,-37.1623573303,-37.1408424377,-34.3740234375,-33.629699707,-39.68907547,-29.986328125,-33.6205101013,-31.280166626,-35.3976325989,-33.3038787842,-34.8317909241,-27.857000351,-27.3277339935,-30.4306373596,-32.8489952087,-34.6736907959,-34.6379737854,-30.385799408,-30.3576831818,-34.7012710571,-34.6752700806,-37.193523407,-37.1118736267,-36.276058197,-28.9033870697,-40.2200088501,-34.1612091064,-32.2041816711,-29.6785545349,-26.4378986359,-27.8185863495,-27.4450435638,-23.5862197876,-23.1394004822,-20.1725177765,-18.0051269531,-18.1785430908,-18.5354728699,-18.0756092072,-21.1956520081,-21.2249736786,-24.6883544922,-24.693605423,-32.5131111145,-32.5137825012,-27.8486537933,-29.7148342133,-30.3750095367,-25.8315296173,-31.0790901184,-34.3011894226,-27.9923744202,-26.4275951385,-30.2889156342,-28.4297370911,-33.2316970825
-23.2808952332,-32.9120025635,-37.69739151,-32.0252189636,-28.0866088867,-28.0705413818,-23.8388500214,-23.8253593445,-26.196187973,-26.2188777924,-27.1647796631,-27.1709346771,-24.3848781586,-28.0335273743,-31.0757446289,-35.6216125488,-24.4865493774,-26.4972801208,-22.2281856537,-24.2139644623,-25.0545291901,-27.1511459351,-29.3902397156,-25.4845314026,-25.4962711334,-26.0677528381,-26.0227298737,-25.1118068695,-25.122713089,-26.4950294495,-27.5885734558,-32.0562133789,-37.0141944885,-29.5454216003,-25.240026474,-25.3331890106,-35.5593261719,-39.6257781982,-25.6761016846,-21.4737548828,-15.3069820404,-13.6774101257,-12.877995491,-13.1306171417,-14.9540138245,-16.5402755737,-18.523147583,-21.2034111023,-21.1642723083,-33.4616203308,-33.4512481689,-27.6484088898,-27.3307685852,-25.5073261261,-27.3623580933,-40.0819969177,-31.3925971985,-30.9767456055,-26.2906837463,-24.3915996552,-23.1685905457,-29.4443416595,-32.4750900269,-31.1534290314
-29.3983459473,-34.2261352539,-37.0302772522,-37.0721168518,-33.8265151978,-33.8173522949,-30.5619735718,-30.5707321167,-34.8370704651,-36.1703796387,-35.3710594177,-38.5706100464,-33.2722244263,-34.5400123596,-41.2907485962,-56.1700782776,-31.6787776947,-41.612247467,-29.6794223785,-32.3984832764,-32.6698036194,-38.7756652832,-49.6445846558,-31.5590229034,-30.3649806976,-31.7551708221,-33.5557937622,-33.5428314209,-37.5188941956,-37.4916343689,-40.6866989136,-40.6565475464,-42.2144203186,-36.632270813,-32.4540100098,-32.5562705994,-51.3044509888,-54.5455780029,-32.1030960083,-28.5737762451,-21.5868911743,-19.7235145569,-18.570602417,-18.4911499023,-19.996931076,-21.4284973145,-21.6202735901,-25.852973938,-25.8827972412,-38.1423530579,-38.1018600464,-38.084400177,-32.5795860291,-31.0014972687,-32.7846984863,-45.5887260437,-33.1314964294,-44.545879364,-34.647518158,-31.6208572388,-29.6228618622,-37.337562561,-42.1482696533,-43.0834846497
-26.0711784363,-33.5545730591,-36.385635376,-36.3289260864,-29.6416110992,-29.6153945923,-25.4949588776,-25.498500824,-27.5046882629,-30.1150608063,-36.8561973572,-30.0717144012,-28.314163208,-27.7507991791,-31.5877170563,-36.4434967041,-30.6772670746,-31.2260036469,-26.5222110748,-24.845533371,-24.9854850769,-28.5311851501,-34.2242698669,-30.0509490967,-27.8647003174,-26.518913269,-26.7361660004,-26.9418411255,-33.4887733459,-33.4738540649,-34.3159408569,-34.2916564941,-30.7374153137,-37.8429679871,-29.7098064423,-28.1547031403,-32.3999900818,-32.6298522949,-39.8170547485,-32.0347061157,-20.6635532379,-17.3841667175,-15.4682817459,-14.717754364,-15.5629110336,-16.473197937,-16.7621593475,-19.8115730286,-19.8273334503,-29.0901260376,-29.0785331726,-35.2863922119,-31.8116855621,-26.7815704346,-27.664516449,-36.330581665,-27.4692611694,-46.1487045288,-29.8157463074,-25.9853916168,-24.1247501373,-29.0214118958,-29.7322978973,-37.3593444824
-29.5818271637,-31.5053081512,-34.209777832,-34.241519928,-32.506690979,-32.504524231,-28.5274715424,-28.5518817902,-29.5680675507,-33.6044082642,-48.428855896,-32.0925598145,-31.6691837311,-28.7494792938,-32.7699813843,-34.8576011658,-36.7584457397,-33.6895103455,-30.4948062897,-26.2609004974,-26.0920085907,-29.9823589325,-34.475276947,-34.8329086304,-32.0082588196,-28.9603691101,-28.1764793396,-28.2021064758,-37.9874916077,-38.0268249512,-35.3452720642,-35.3534393311,-30.1230678558,-46.7139701843,-32.8881912231,-30.9956932068,-30.9029865265,-29.6091556549,-33.7719421387,-35.7999763489,-23.2199134827,-20.3383560181,-17.9258308411,-16.6912746429,-17.2611045837,-17.9301662445,-17.9179039001,-21.1183547974,-21.1479854584,-28.0817203522,-28.0028476715,-34.0609054565,-36.7088317871,-28.6208209991,-30.3901138306,-34.1769866943,-28.1414356232,-42.1696205139,-31.6743240356,-26.999130249,-25.4078121185,-29.7876586914,-29.5673313141,-37.8935165405
-34.5098419189,-32.5398902893,-35.5877609253,-34.988067627,-38.6491508484,-38.6260032654,-38.5437736511,-38.554069519,-33.8728027344,-33.8863143921,-29.3223590851,-34.8053398132,-32.6305541992,-44.083820343,-41.9039878845,-33.344669342,-28.818769455,-31.5965003967,-28.7942237854,-53.0064811707,-44.9541358948,-35.1105041504,-32.1944236755,-30.4764957428,-30.4717845917,-44.170124054,-44.2211151123,-31.0532207489,-31.0649452209,-31.1726322174,-37.3734016418,-37.8418540955,-34.7429885864,-33.2548713684,-31.4868755341,-33.5543022156,-36.4378509521,-29.9853916168,-25.9667282104,-23.4543972015,-19.803276062,-20.5243530273,-21.3167457581,-22.6033802032,-26.6029834747,-28.5091896057,-26.8101062775,-32.3015785217,-32.3204421997,-26.2082710266,-26.2074146271,-30.5523738861,-30.5368251801,-33.7213058472,-41.1408195496,-35.084777832,-33.6723022461,-30.9061470032,-33.7473297119,-32.7267532349,-34.6294403076,-46.3732757568,-34.5902671814,-32.291595459
-33.2580566406,-40.7560462952,-43.5723609924,-43.5836753845,-37.7142410278,-37.6348724365,-33.3281898499,-33.2833023071,-33.980014801,-38.1632270813,-50.4630393982,-36.5206832886,-39.5032730103,-34.802570343,-38.4394645691,-39.2304420471,-45.2758178711,-38.0265769958,-37.8387260437,-32.2738838196,-31.8679218292,-34.7176589966,-38.6233177185,-42.8323173523,-38.3133125305,-34.2113494873,-33.2932128906,-33.2383613586,-42.0025444031,-41.995880127,-38.9473571777,-40.2850952148,-34.6127586365,-52.2929954529,-39.5488319397,-36.2802696228,-37.4456748962,-35.2813262939,-41.0331001282,-46.7119941711,-31.9454917908,-26.7318058014,-23.733007431,-22.2475013733,-22.3212413788,-22.9187927246,-22.8477401733,-25.2582187653,-25.2462844849,-31.3472995758,-31.3731136322,-36.3339538574,-42.3014793396,-34.1685295105,-35.817325592,-37.2757110596,-31.734413147,-40.6211624146,-38.5353240967,-33.1967849731,-31.2567176819,-35.3565711975,-34.3135643005,-40.9071769714
-32.4494628906,-37.1104125977,-39.7480545044,-39.805721283,-36.3388252258,-36.318397522,-32.4662437439,-32.4475669861,-33.9536895752,-38.1987228394,-50.0700035095,-36.9546737671,-36.5117988586,-33.6925697327,-38.1338233948,-40.1599845886,-40.5301856995,-39.3764381409,-35.5446624756,-32.152469635,-31.8548736572,-35.9555854797,-41.7139091492,-38.3748893738,-35.9750862122,-33.6640396118,-33.4135513306,-33.4133872986,-43.7912216187,-43.8433418274,-42.1335144043,-42.157333374,-35.7242965698,-45.4423408508,-36.5594062805,-35.0164604187,-38.4167976379,-37.09532547,-50.1768302917,-42.9011116028,-27.2334461212,-24.1160812378,-22.0110263824,-20.9665222168,-21.6975364685,-22.4566078186,-22.4395885468,-25.5999317169,-25.6070671082,-33.2261657715,-33.2577362061,-38.2682189941,-39.1403656006,-33.0489883423,-34.5038642883,-38.2108650208,-31.9181213379,-44.1554145813,-37.7383842468,-32.533290863,-30.6052799225,-35.4146728516,-35.5837669373,-44.6141357422
-30.0659275055,-35.1124916077,-37.9412498474,-37.962223053,-34.598274231,-34.6263885498,-30.7956943512,-30.8032684326,-33.3627891541,-35.5205535889,-39.5271492004,-35.4740562439,-32.6693840027,-32.8254776001,-37.3847732544,-44.6510467529,-34.9896278381,-37.1461639404,-31.6448688507,-30.5636367798,-31.0759468079,-36.3745613098,-42.8526763916,-33.4957199097,-32.3799819946,-32.0484580994,-32.2565498352,-32.2345237732,-40.2141189575,-40.1887550354,-42.2575187683,-42.2552642822,-36.8524894714,-41.1532669067,-34.6286697388,-33.9540977478,-40.8177947998,-40.556060791,-36.9038963318,-32.3464622498,-23.149312973,-21.1560230255,-19.692987442,-19.2390804291,-20.5725078583,-21.6608886719,-21.6423358917,-25.7856845856,-25.792552948,-39.7087783813,-39.7250556946,-46.5367279053,-35.775177002,-31.1103992462,-33.5765991211,-40.17445755,-33.0133590698,-53.2223625183,-34.4276885986,-30.5657539368,-28.8400440216,-34.7200737,-37.053062439,-51.6359519958
-27.0966377258,-34.0233421326,-36.9924736023,-36.9942779541,-30.2954864502,-30.2743225098,-26.6306705475,-26.6365947723,-28.6265792847,-31.3804702759,-38.501663208,-31.3168010712,-29.6672954559,-28.777469635,-32.9653549194,-37.8595161438,-32.2223472595,-32.7481193542,-28.1055641174,-26.4826793671,-26.6348609924,-30.101348877,-35.6568527222,-30.785364151,-29.168302536,-27.8213672638,-28.0911846161,-28.0738487244,-35.0762023926,-35.0631637573,-35.251914978,-35.2782402039,-31.6154155731,-39.2883110046,-30.8129310608,-29.3674087524,-33.6828956604,-34.0748252869,-42.0372200012,-33.3690452576,-21.6699314117,-18.5827522278,-16.6700458527,-15.9516639709,-16.8224430084,-17.7823619843,-17.8093776703,-21.183637619,-21.1678352356,-30.826625824,-30.7928524017,-37.1500816345,-33.6773376465,-28.1421833038,-29.5224246979,-36.8141784668,-28.8225917816,-54.2177200317,-30.9264888763,-26.9972610474,-25.3399753571,-30.2044239044,-31.1720275879,-39.4392051697
-28.5421333313,-47.3312606812,-46.2127609253,-46.3130340576,-33.9860343933,-33.9697532654,-27.4897270203,-27.4450435638,-28.2380084991,-29.872756958,-34.2217712402,-29.6613845825,-31.1421489716,-31.3216381073,-32.1611595154,-32.2775230408,-33.0072555542,-28.890619278,-30.938035965,-27.7002658844,-27.8528347015,-28.4898834229,-30.8709201813,-33.4353027344,-31.66705513,-28.5358390808,-27.4133815765,-27.4155044556,-30.7498512268,-30.7100811005,-31.8954620361,-33.217628479,-31.2332401276,-37.6282997131,-36.8676719666,-34.931098938,-32.2887153625,-29.7346839905,-28.6577320099,-26.8693828583,-26.3542404175,-23.2229423523,-21.3801116943,-20.6663265228,-20.6039390564,-21.0936069489,-21.0844955444,-22.358757019,-22.3864898682,-24.647726059,-26.5780620575,-31.6412372589,-40.9435768127,-33.2948226929,-32.518901825,-34.3337402344,-29.1631679535,-34.0239334106,-36.0168800354,-32.5506134033,-28.8983802795,-30.7092990875,-29.4525032043,-31.886013031
-25.5737247467,-28.1978874207,-31.5873565674,-29.2646274567,-28.4895648956,-25.5107517242,-25.4828491211,-27.2156829834,-33.0545043945,-31.8252239227,-27.1952819824,-35.0315742493,-26.3463840485,-28.4108181,-37.8302497864,-36.6651878357,-24.8201961517,-33.0496902466,-22.8027153015,-26.6573371887,-27.3706951141,-36.5670852661,-35.9026374817,-25.4255466461,-25.2268161774,-25.2217330933,-31.7569465637,-31.7781009674,-30.6314601898,-30.6313686371,-32.8415603638,-41.0304603577,-33.6827774048,-30.1284770966,-25.2026557922,-25.4461669922,-36.343208313,-30.9111824036,-25.4377155304,-21.5871562958,-14.8335781097,-13.8371725082,-13.0560073853,-13.0381164551,-14.9801282883,-16.5536613464,-17.5065784454,-22.784614563,-28.4114551544,-28.3618335724,-30.2504329681,-30.2402439117,-24.6984214783,-24.6704139709,-28.2014026642,-36.4694328308,-30.2629089355,-30.2959690094,-26.180639267,-23.4863891602,-23.0686225891,-31.7700195312,-35.8368339539,-35.1917877197
-36.0356330872,-45.2470092773,-48.0650672913,-43.4283180237,-41.5230026245,-37.1742935181,-37.1713981628,-39.2834663391,-39.291595459,-40.3241043091,-44.469543457,-41.9813766479,-39.5726966858,-40.9081459045,-46.2444458008,-61.2234306335,-39.0663719177,-43.3677864075,-36.8346443176,-37.0736465454,-37.8842964172,-43.0249290466,-49.7872848511,-39.9486465454,-38.4669342041,-38.4912834167,-39.7827110291,-39.7463874817,-40.8222045898,-41.6407241821,-40.9613761902,-46.2769584656,-43.2835273743,-45.4564476013,-39.4562072754,-38.7535247803,-47.5089111328,-49.6123886108,-43.120716095,-38.3083572388,-29.5174064636,-27.428396225,-25.9997138977,-25.6056156158,-26.91173172,-28.0154590607,-28.7322006226,-31.7096405029,-36.4149093628,-36.4419593811,-54.0065879822,-54.0844955444,-40.8188552856,-36.8592796326,-39.4513092041,-46.2305374146,-39.4784126282,-55.4608230591,-40.118057251,-36.8275337219,-35.0948753357,-41.5472297668,-44.0627822876,-52.0005455017
-33.3109550476,-40.606678009,-44.6652336121,-39.4758224487,-39.4820480347,-32.5660972595,-32.5580558777,-37.2175292969,-37.2445793152,-35.0965270996,-32.8270721436,-36.2519187927,-31.6459846497,-36.221736908,-39.8985519409,-42.8445053101,-30.7706356049,-33.8327407837,-28.6376590729,-32.2522621155,-33.8106384277,-35.6844100952,-35.7953796387,-31.0370426178,-30.8228874207,-30.830286026,-36.0799560547,-36.0652427673,-34.2927207947,-34.3658218384,-36.0606918335,-39.1802635193,-54.5298919678,-35.5861701965,-30.9936962128,-30.872385025,-40.3531265259,-60.7345581055,-34.5227622986,-29.0824756622,-22.6365661621,-21.4770240784,-20.7653388977,-21.0281028748,-23.4127349854,-25.451883316,-27.8112277985,-27.792388916,-50.2195281982,-50.356098175,-36.3457145691,-36.3161430359,-32.0430450439,-31.7021312714,-35.4272117615,-46.1855926514,-50.0019760132,-35.5955734253,-31.9051437378,-30.3007164001,-30.0426635742,-37.1485214233,-43.3487739563,-38.4958610535
-41.3576164246,-39.0421485901,-42.3471298218,-41.9640426636,-41.9707603455,-44.7656936646,-44.7290687561,-44.6036834717,-44.6448020935,-40.6373519897,-36.5591888428,-40.9769515991,-39.6950149536,-60.5717048645,-45.9173278809,-39.6752548218,-35.4531745911,-37.1854133606,-34.9512939453,-47.1347312927,-49.6926002502,-39.8887367249,-38.3353614807,-37.5573120117,-38.535861969,-46.3863143921,-43.0582542419,-37.6021614075,-37.6664123535,-43.6187705994,-43.6320114136,-42.3958473206,-40.5085716248,-38.3425788879,-37.1612892151,-38.9685173035,-44.5581092834,-38.0575675964,-32.9607658386,-30.1474208832,-26.8161964417,-27.3506069183,-28.3054924011,-30.2614402771,-35.0321769714,-38.0812759399,-35.123790741,-35.0889015198,-36.0593605042,-36.02891922,-36.1839752197,-36.0979347229,-37.6827583313,-43.3026885986,-53.0652999878,-41.0550956726,-40.4900627136,-37.9211387634,-40.8912277222,-41.9012145996,-44.1930656433,-48.9613380432,-42.3332290649,-38.9628181458
-33.0849838257,-35.0844650269,-38.241481781,-36.5191650391,-36.5851860046,-33.5650749207,-33.5586547852,-35.2571983337,-38.613193512,-45.3038024902,-37.4459342957,-45.2934188843,-37.1986122131,-35.1864089966,-42.6728363037,-39.9846725464,-34.3905715942,-50.8839874268,-32.3965072632,-34.8360671997,-34.6465644836,-45.6344680786,-45.9007339478,-34.2072563171,-33.7049598694,-35.3785667419,-35.3538131714,-46.7622299194,-46.7884368896,-44.365978241,-44.3693733215,-51.5857315063,-36.9363441467,-39.6123313904,-34.8794441223,-34.6489944458,-41.988155365,-37.0026359558,-34.3619880676,-30.9595603943,-23.7531108856,-22.5317287445,-21.2854480743,-20.8436889648,-22.1748561859,-22.1656837463,-23.6387271881,-23.5844764709,-31.1444911957,-31.1917552948,-32.7112197876,-35.8840408325,-34.5995254517,-32.6029014587,-35.715877533,-39.2208442688,-33.2054977417,-38.7418632507,-35.7339477539,-32.057762146,-30.9510860443,-39.0233345032,-39.9729804993,-44.8825263977
-28.2139987946,-37.9208526611,-42.493347168,-36.6047096252,-36.562702179,-28.5427379608,-28.60597229,-28.5814189911,-31.3588142395,-30.7062492371,-30.8521575928,-31.9700660706,-28.6746578217,-32.4376564026,-35.7295265198,-39.8501815796,-28.2834434509,-30.6047744751,-26.088312149,-28.3168506622,-29.1879901886,-31.2468662262,-33.0408210754,-29.1945858002,-28.7722263336,-30.4073944092,-30.4079818726,-30.1033859253,-30.0944862366,-31.9688205719,-31.9819889069,-35.7324028015,-41.3878173828,-33.6787376404,-28.9335918427,-29.1887702942,-38.8292274475,-50.5340881348,-30.8495254517,-26.0884418488,-19.6547107697,-18.0853672028,-17.2297077179,-17.4202022552,-19.3716163635,-20.9916324615,-23.0650978088,-26.1787586212,-32.8596992493,-32.8617744446,-37.399559021,-37.929523468,-30.4915466309,-29.0149917603,-31.7159824371,-47.973865509,-38.4302825928,-34.899307251,-29.8247203827,-27.881893158,-26.9731845856,-33.2726898193,-36.9858283997,-36.0341529846
-44.1212501526,-50.7800140381,-49.9540252686,-48.574180603,-50.5331039429,-48.9380302429,-45.7453384399,-45.7450752258,-48.7160224915,-48.7266769409,-47.8075218201,-46.6038169861,-56.0057029724,-50.8059768677,-51.1141433716,-47.5065002441,-51.8251457214,-44.4872207642,-53.1788482666,-46.1298217773,-43.8954849243,-43.5867347717,-42.8798179626,-45.5693588257,-46.3599433899,-47.3928451538,-47.3611335754,-46.4706230164,-46.3868789673,-50.0470085144,-50.6025619507,-56.0074424744,-44.7525787354,-54.3770484924,-50.1667289734,-45.7219543457,-51.2264785767,-45.4252815247,-47.296836853,-44.7193641663,-47.9587974548,-46.8859329224,-38.9382133484,-35.7587089539,-34.4019012451,-34.2719116211,-32.9951210022,-34.3673477173,-36.5999908447,-37.638507843,-37.6543540955,-48.7776641846,-48.8645744324,-46.0490989685,-48.2506332397,-43.2099342346,-39.7756271362,-43.3228378296,-48.0407562256,-45.3397445679,-44.2374954224,-48.0919761658,-45.1635627747,-47.5609207153
-28.3276443481,-36.9003219604,-40.0002555847,-35.7952156067,-33.0035820007,-33.049861908,-28.9783267975,-28.9632358551,-32.1354408264,-32.1457252502,-33.8643951416,-33.5453491211,-30.3986797333,-32.424041748,-36.7024459839,-45.5928726196,-30.2844676971,-33.5561790466,-27.836856842,-28.9598312378,-29.3899860382,-32.8749847412,-37.6438827515,-31.4820613861,-31.4218063354,-30.7936687469,-30.7947826385,-31.9539833069,-31.924407959,-33.5346641541,-33.8926391602,-37.8534812927,-38.3692245483,-36.2571640015,-30.9221763611,-30.9059772491,-40.8772888184,-52.5513305664,-32.9634742737,-28.3183078766,-21.0039196014,-18.9249477386,-17.7575263977,-17.6743164062,-19.1312065125,-20.4621887207,-21.7243309021,-24.6944656372,-24.6849441528,-45.1755332947,-45.2439994812,-32.3221282959,-32.3432540894,-29.6253471375,-31.5746574402,-44.1349983215,-33.7177314758,-41.7440376282,-31.6996688843,-29.062877655,-27.4893627167,-33.5952148438,-36.618473053,-40.9266853333
-31.9459075928,-39.1749763489,-43.3955116272,-38.4130172729,-34.5442962646,-34.620967865,-32.5720329285,-32.6122665405,-35.1466445923,-34.3419265747,-32.1474227905,-35.6708717346,-31.0906524658,-35.8193626404,-40.4164161682,-42.8349494934,-30.0763568878,-33.4296646118,-27.987613678,-31.8589820862,-33.9450836182,-35.9149055481,-35.1847038269,-29.9844551086,-29.9566459656,-32.7261161804,-32.7617874146,-33.5358772278,-33.5719680786,-33.5276985168,-34.9918289185,-38.3964385986,-47.5440483093,-36.1205215454,-31.1658058167,-30.9673881531,-42.7022819519,-54.2169952393,-33.0629272461,-28.205406189,-21.801574707,-20.6834907532,-19.9625167847,-20.1906604767,-22.5531196594,-24.5358772278,-26.804605484,-32.137966156,-32.1421203613,-35.6495513916,-35.7081451416,-31.4493350983,-31.4726314545,-31.0119514465,-34.766078949,-45.2990913391,-48.6777420044,-34.987285614,-31.3306770325,-29.6508045197,-29.4028377533,-36.9439239502,-44.2646903992,-37.1953048706
-27.8676433563,-28.8053722382,-31.9124755859,-30.0863285065,-30.748796463,-30.7546596527,-30.3993644714,-30.4101333618,-33.3025093079,-33.3278503418,-27.9041213989,-37.6432952881,-28.386756897,-31.9015426636,-46.1649284363,-34.256980896,-25.8740615845,-33.1227111816,-24.5823822021,-31.0147972107,-31.7782001495,-44.628578186,-34.2720298767,-26.673789978,-26.7094593048,-32.3205757141,-32.2862586975,-31.452047348,-31.5150547028,-31.1590633392,-36.2482414246,-42.1202087402,-34.8894271851,-30.6969642639,-26.9204120636,-27.6696681976,-37.3722267151,-29.7750282288,-24.7137203217,-21.6541309357,-16.027507782,-15.5481987,-15.0991249084,-15.3453063965,-17.7141571045,-19.4262981415,-20.1293716431,-26.3878574371,-26.4125442505,-26.9278831482,-26.9108867645,-27.3548717499,-27.3700008392,-27.0332069397,-31.6526107788,-34.7879333496,-31.7192897797,-29.8703594208,-28.1501789093,-25.869802475,-25.8456687927,-37.0299301147,-36.9532470703,-32.7139854431
-28.6507740021,-33.1619758606,-35.7512626648,-33.7688064575,-32.1368675232,-32.0984306335,-28.3590450287,-28.3625411987,-30.4183006287,-33.841545105,-40.3594551086,-33.3287734985,-31.1920108795,-29.6767959595,-34.5488929749,-38.3392219543,-33.6493492126,-35.8445701599,-29.2788047791,-27.3186397552,-27.1970767975,-31.4400615692,-38.1120948792,-32.797416687,-30.6846485138,-29.1404361725,-29.1673564911,-31.3416290283,-34.4323997498,-38.7082328796,-34.4330863953,-37.7234077454,-31.9924316406,-42.092124939,-31.942533493,-30.8330955505,-34.4401664734,-33.7140045166,-42.5881881714,-35.5109291077,-22.3644351959,-19.475976944,-17.4876194,-16.6468143463,-17.4426441193,-18.2805957794,-18.3347187042,-21.7701625824,-21.7514610291,-30.2909431458,-30.3194255829,-35.7711296082,-33.7356033325,-28.5871925354,-29.9591636658,-36.2123260498,-28.82172966,-46.1236839294,-31.9872398376,-27.6189746857,-25.9356441498,-30.7812023163,-31.4609203339,-41.5195617676
-34.5063705444,-37.1757926941,-38.7125930786,-38.8755302429,-38.726108551,-38.6484336853,-33.0430755615,-33.0425491333,-33.2132644653,-37.7294044495,-44.7886047363,-35.7339706421,-39.1949729919,-33.5775604248,-36.9021682739,-36.6385269165,-49.3097915649,-36.2297058105,-38.8944664001,-30.6771011353,-30.3335208893,-33.0113487244,-36.4610214233,-44.4808654785,-38.5092697144,-33.1430358887,-31.7672386169,-31.74741745,-39.3004760742,-39.2861099243,-38.2069091797,-38.2394447327,-33.0064468384,-52.5828857422,-40.2203483582,-36.4776725769,-34.4430389404,-32.072013855,-34.9920158386,-36.5331726074,-32.7528419495,-27.8612289429,-24.0193004608,-21.9499969482,-21.8358364105,-22.1797351837,-22.1840858459,-24.4050502777,-24.4154891968,-29.3099803925,-29.3140258789,-34.2410469055,-42.2377815247,-33.2480430603,-34.2669143677,-36.1579818726,-30.6522960663,-38.4171257019,-38.7813720703,-32.3346595764,-30.2163295746,-33.6559829712,-32.2620735168,-37.7612037659
-37.3214378357,-40.2759475708,-42.7465782166,-42.6839942932,-44.0770111084,-44.2324028015,-37.3416099548,-37.4099884033,-37.0804252625,-35.8473548889,-33.6546974182,-35.8284606934,-35.4459915161,-53.4754676819,-41.2742385864,-37.1426353455,-33.3549575806,-33.5293769836,-33.0417633057,-41.5118370056,-41.9019584656,-36.2967224121,-34.7880477905,-35.3548316956,-36.7502174377,-40.8750076294,-37.1065788269,-37.0070114136,-33.9255180359,-33.9303245544,-38.6749420166,-39.6349258423,-38.9997138977,-37.6464958191,-35.9441642761,-38.8053855896,-42.8308525085,-35.5429916382,-31.1681499481,-28.196559906,-25.3821659088,-26.2746086121,-27.9550685883,-31.3604393005,-41.8486747742,-50.71043396,-50.909702301,-33.8839263916,-33.8500175476,-30.8464756012,-29.6546649933,-32.9261283875,-35.1123428345,-41.2002449036,-54.4279708862,-39.2411727905,-36.8106193542,-34.4761047363,-37.8639526367,-39.6920661926,-44.0389938354,-45.6546936035,-38.0432243347,-35.9199523926
-31.8127250671,-39.4172439575,-42.0767440796,-38.5817298889,-36.2556419373,-32.0759086609,-32.0787849426,-34.3568382263,-34.4179992676,-39.1394119263,-43.0396385193,-37.9615745544,-35.9942588806,-35.6781349182,-40.2792549133,-46.9145278931,-36.666469574,-40.4897880554,-33.3050956726,-32.3729438782,-32.5313415527,-36.643321991,-43.5884017944,-36.4920387268,-34.5245933533,-34.5438804626,-34.5528297424,-34.5329704285,-38.4819831848,-39.8520736694,-38.2395629883,-42.1573371887,-38.6068916321,-41.8536186218,-35.4747009277,-34.2367553711,-40.4653625488,-41.305644989,-43.3659667969,-36.996383667,-26.4031181335,-23.4589271545,-21.7128276825,-21.0285549164,-21.9999294281,-22.9108028412,-23.5291137695,-23.5147666931,-30.0659580231,-30.0483264923,-41.5867614746,-41.4551124573,-37.81042099,-33.1033477783,-34.6435089111,-42.2641487122,-33.5358161926,-52.392616272,-37.1632804871,-33.1530952454,-31.0372638702,-36.923664093,-37.6227798462,-45.6490592957
-30.2226924896,-35.2013092041,-38.5506439209,-35.8819847107,-35.8655509949,-31.4387798309,-31.4375743866,-35.2459411621,-35.304649353,-36.5326347351,-37.3739318848,-38.3687553406,-34.2585487366,-36.1872749329,-42.4447593689,-55.1573371887,-33.6356964111,-40.6599197388,-31.49817276,-34.5795135498,-34.7484779358,-38.4810409546,-43.5995864868,-33.3542442322,-32.7661972046,-34.0048828125,-35.4601402283,-36.2309875488,-36.2731246948,-39.5443954468,-39.5269927979,-44.7314224243,-44.7026023865,-38.9756126404,-35.5472984314,-35.9302902222,-52.1475982666,-42.252986908,-31.8539047241,-29.0315418243,-22.9040088654,-21.3081455231,-20.4841651917,-20.6608772278,-22.3500385284,-23.7504291534,-25.0048713684,-24.9884090424,-33.7382011414,-33.7398376465,-48.9666976929,-49.2483444214,-37.0550994873,-34.4974632263,-36.8115692139,-48.704460144,-37.0274963379,-44.472743988,-36.4322319031,-34.1653938293,-31.9551849365,-39.5330543518,-44.3319015503,-41.2265663147
-38.1203727722,-46.8911819458,-47.3662643433,-46.0617027283,-46.1496582031,-39.687297821,-39.641746521,-38.2941322327,-38.3275642395,-39.9706382751,-43.6023292542,-39.8488578796,-41.2508239746,-44.0789070129,-44.5939369202,-44.7791671753,-44.7374229431,-39.243434906,-44.2690162659,-42.0089874268,-40.8482284546,-40.9420051575,-41.0478591919,-44.0311508179,-44.6920280457,-41.7755050659,-41.6480331421,-40.7530212402,-40.7931976318,-43.0050468445,-42.957950592,-46.6272506714,-44.0455169678,-52.7077980042,-49.6893119812,-55.7535018921,-55.9327888489,-45.7473754883,-41.3532829285,-38.46900177,-34.5913619995,-32.0403137207,-30.7474136353,-30.6689853668,-30.8325252533,-31.3551635742,-31.4519329071,-31.4580307007,-34.0449676514,-34.0198554993,-36.051448822,-39.3520507812,-48.5131568909,-49.7062072754,-46.0522270203,-45.5743980408,-39.2286567688,-42.8343276978,-48.9548797607,-49.7250518799,-43.9803695679,-47.2645797729,-45.1436462402,-45.1810264587
-32.8347702026,-36.1683998108,-36.0553855896,-39.8929634094,-39.8717765808,-30.9012966156,-30.8839454651,-29.8779087067,-29.8362979889,-32.6139411926,-41.0993843079,-31.5030899048,-33.8777389526,-30.6265258789,-33.0472831726,-33.2895851135,-42.2543258667,-31.0600280762,-34.7575454712,-27.5156078339,-27.3645420074,-29.2599067688,-32.2781562805,-39.6151885986,-35.5424613953,-30.1619052887,-30.1967067719,-32.4355278015,-32.4714241028,-32.769744873,-32.7786216736,-33.4692153931,-30.0950584412,-43.4975662231,-38.1931152344,-34.1038398743,-30.7083034515,-29.004699707,-31.1783542633,-32.2337646484,-37.034160614,-26.9644966125,-22.6775474548,-20.3993778229,-20.0889816284,-20.4033622742,-20.2607288361,-22.4586906433,-22.4529743195,-27.3467445374,-27.2952442169,-32.6566085815,-43.8059463501,-31.2123279572,-31.1774406433,-33.701084137,-28.6460781097,-36.3557510376,-36.2056045532,-30.3260822296,-28.178478241,-30.8597755432,-29.7172012329,-34.4635772705
-35.2051277161,-43.7471389771,-44.072429657,-52.1304664612,-40.9059562683,-40.9100036621,-32.7376594543,-32.7661972046,-33.3997077942,-33.3666648865,-34.7599601746,-32.8486099243,-33.8268623352,-36.6305503845,-36.2123565674,-35.8881568909,-34.6557693481,-31.4693832397,-33.2270431519,-32.2569351196,-32.2919960022,-32.1215438843,-32.8641204834,-35.8019218445,-35.7976722717,-34.2478141785,-34.3306007385,-31.7513427734,-31.739151001,-32.7822265625,-34.2446098328,-36.4992828369,-35.8342666626,-38.1738014221,-36.5873336792,-37.7260437012,-37.0965690613,-35.8701934814,-33.608833313,-30.4847564697,-29.5809860229,-28.4046421051,-27.735874176,-27.8262672424,-27.6368789673,-27.7573394775,-27.7769069672,-27.9376316071,-27.9411773682,-29.5528945923,-29.5583133698,-37.5480155945,-37.5270843506,-39.2375564575,-38.2456855774,-37.0003814697,-33.432762146,-35.0968284607,-37.9396972656,-38.2689590454,-35.0936775208,-35.8036842346,-34.2688140869,-34.82371521
